1, 2018-11-29, 2018-12-12, 1
2, 2018-12-17, 2018-12-29, 1
3, 2018-11-12, 2018-11-20, 1
4, 2018-08-10, 2018-08-13, 1
5, 2018-05-10, 2018-05-22, 1
6, 2018-04-23, 2018-04-28, 1
7, 2018-07-06, 2018-07-15, 1
8, 2018-09-11, 2018-09-13, 1
9, 2018-03-28, 2018-04-06, 1
10, 2018-09-30, 2018-10-11, 1
11, 2018-11-07, 2018-11-08, 1
12, 2018-01-11, 2018-01-14, 1
13, 2018-09-15, 2018-09-23, 1
14, 2018-01-27, 2018-02-03, 1
15, 2018-10-23, 2018-10-23, 1
16, 2018-07-30, 2018-07-30, 2
17, 2018-05-26, 2018-06-02, 2
18, 2018-03-03, 2018-03-14, 2
19, 2018-01-31, 2018-01-31, 2
20, 2018-12-06, 2018-12-06, 2
21, 2018-08-21, 2018-08-21, 2
22, 2018-08-10, 2018-08-12, 2
23, 2018-06-30, 2018-07-01, 2
24, 2018-04-21, 2018-05-01, 2
25, 2018-06-14, 2018-06-22, 2
26, 2018-10-14, 2018-10-25, 2
27, 2018-08-13, 2018-08-18, 2
28, 2018-12-18, 2018-12-27, 2
29, 2018-01-06, 2018-01-09, 2
30, 2018-07-23, 2018-07-27, 2
31, 2018-10-29, 2018-11-06, 2
32, 2018-04-02, 2018-04-07, 2
33, 2018-11-14, 2018-11-17, 2
34, 2018-06-07, 2018-06-13, 2
35, 2018-05-16, 2018-05-18, 2
36, 2018-12-04, 2018-12-04, 2
37, 2018-03-14, 2018-03-15, 2
38, 2018-11-18, 2018-12-01, 2
39, 2018-02-21, 2018-02-23, 3
40, 2018-10-15, 2018-10-17, 3
41, 2018-08-02, 2018-08-03, 3
42, 2018-03-09, 2018-03-10, 3
43, 2018-05-19, 2018-05-24, 3
44, 2018-06-04, 2018-06-06, 3
45, 2018-06-15, 2018-06-21, 3
46, 2018-09-12, 2018-09-14, 3
47, 2018-01-20, 2018-02-01, 3
48, 2018-11-14, 2018-11-24, 3
49, 2018-07-05, 2018-07-06, 3
50, 2018-04-14, 2018-04-21, 3
51, 2018-08-03, 2018-08-10, 3
52, 2018-08-27, 2018-09-03, 3
53, 2018-01-17, 2018-01-18, 3
54, 2018-12-25, 2018-12-28, 3
55, 2018-03-23, 2018-03-26, 3
56, 2018-11-25, 2018-12-02, 3
57, 2018-07-18, 2018-07-30, 3
58, 2018-05-29, 2018-06-08, 4
59, 2018-12-14, 2018-12-22, 4
60, 2018-05-25, 2018-05-27, 4
61, 2018-09-02, 2018-09-03, 4
62, 2018-10-23, 2018-11-01, 4
63, 2018-04-11, 2018-04-21, 4
64, 2018-11-05, 2018-11-11, 4
65, 2018-06-23, 2018-06-25, 4
66, 2018-09-09, 2018-09-20, 4
67, 2018-07-25, 2018-07-30, 4
68, 2018-01-28, 2018-02-08, 4
69, 2018-06-11, 2018-06-11, 4
70, 2018-01-19, 2018-01-21, 4
71, 2018-08-07, 2018-08-14, 4
72, 2018-04-27, 2018-05-08, 4
73, 2018-03-21, 2018-03-31, 4
74, 2018-07-14, 2018-07-15, 4
75, 2018-07-17, 2018-07-20, 4
76, 2018-10-12, 2018-10-19, 4
77, 2018-09-24, 2018-10-05, 4
78, 2018-11-22, 2018-12-01, 4
79, 2018-02-24, 2018-02-26, 4
80, 2018-07-30, 2018-08-07, 4
81, 2018-04-25, 2018-04-30, 5
82, 2018-06-08, 2018-06-13, 5
83, 2018-10-19, 2018-10-24, 5
84, 2018-01-14, 2018-01-21, 5
85, 2018-04-19, 2018-04-24, 5
86, 2018-07-27, 2018-07-31, 5
87, 2018-09-27, 2018-09-30, 5
88, 2018-02-20, 2018-03-02, 5
89, 2018-03-03, 2018-03-15, 5
90, 2018-03-31, 2018-04-05, 5
91, 2018-07-13, 2018-07-21, 5
92, 2018-07-23, 2018-07-27, 5
93, 2018-01-30, 2018-02-11, 5
94, 2018-08-19, 2018-08-27, 5
95, 2018-10-03, 2018-10-10, 5
96, 2018-10-01, 2018-10-02, 5
97, 2018-09-04, 2018-09-05, 5
98, 2018-05-17, 2018-05-23, 5
99, 2018-06-26, 2018-07-01, 5
100, 2018-07-01, 2018-07-05, 5
101, 2018-12-02, 2018-12-11, 5
102, 2018-01-01, 2018-01-11, 5
103, 2018-05-01, 2018-05-05, 6
104, 2018-09-24, 2018-10-05, 6
105, 2018-03-29, 2018-04-09, 6
106, 2018-08-11, 2018-08-17, 6
107, 2018-04-20, 2018-04-26, 6
108, 2018-03-18, 2018-03-26, 6
109, 2018-01-13, 2018-01-21, 6
110, 2018-02-02, 2018-02-09, 6
111, 2018-02-22, 2018-03-02, 6
112, 2018-10-11, 2018-10-13, 6
113, 2018-08-18, 2018-08-28, 6
114, 2018-06-04, 2018-06-17, 6
115, 2018-11-17, 2018-11-27, 6
116, 2018-06-24, 2018-06-27, 6
117, 2018-04-14, 2018-04-18, 6
118, 2018-09-16, 2018-09-20, 6
119, 2018-12-06, 2018-12-18, 6
120, 2018-12-28, 2018-12-31, 6
121, 2018-10-31, 2018-11-07, 6
122, 2018-05-26, 2018-06-02, 6
123, 2018-01-26, 2018-01-26, 6
124, 2018-05-07, 2018-05-15, 6
125, 2018-04-12, 2018-04-22, 7
126, 2018-05-15, 2018-05-19, 7
127, 2018-08-16, 2018-08-19, 7
128, 2018-12-05, 2018-12-15, 7
129, 2018-01-08, 2018-01-17, 7
130, 2018-03-10, 2018-03-12, 7
131, 2018-06-24, 2018-07-01, 7
132, 2018-08-19, 2018-09-01, 7
133, 2018-02-19, 2018-02-28, 7
134, 2018-06-12, 2018-06-18, 7
135, 2018-07-06, 2018-07-14, 7
136, 2018-07-18, 2018-07-30, 7
137, 2018-03-02, 2018-03-08, 7
138, 2018-08-04, 2018-08-09, 7
139, 2018-04-22, 2018-04-29, 7
140, 2018-05-26, 2018-06-07, 7
141, 2018-04-03, 2018-04-04, 7
142, 2018-01-26, 2018-01-31, 7
143, 2018-09-24, 2018-09-26, 7
144, 2018-09-16, 2018-09-24, 7
145, 2018-12-17, 2018-12-30, 7
146, 2018-10-01, 2018-10-09, 8
147, 2018-08-06, 2018-08-19, 8
148, 2018-09-20, 2018-09-25, 8
149, 2018-05-18, 2018-05-27, 8
150, 2018-01-11, 2018-01-14, 8
151, 2018-03-01, 2018-03-05, 8
152, 2018-12-08, 2018-12-09, 8
153, 2018-01-03, 2018-01-04, 8
154, 2018-03-07, 2018-03-07, 8
155, 2018-03-27, 2018-04-03, 8
156, 2018-08-24, 2018-08-30, 8
157, 2018-08-30, 2018-09-05, 8
158, 2018-03-16, 2018-03-27, 8
159, 2018-05-29, 2018-06-05, 8
160, 2018-10-23, 2018-10-25, 8
161, 2018-01-15, 2018-01-20, 8
162, 2018-10-16, 2018-10-19, 8
163, 2018-06-13, 2018-06-20, 8
164, 2018-02-03, 2018-02-14, 8
165, 2018-07-20, 2018-08-01, 8
166, 2018-05-06, 2018-05-13, 9
167, 2018-03-10, 2018-03-19, 9
168, 2018-04-11, 2018-04-14, 9
169, 2018-09-11, 2018-09-11, 9
170, 2018-12-01, 2018-12-11, 9
171, 2018-09-24, 2018-09-25, 9
172, 2018-07-09, 2018-07-11, 9
173, 2018-10-05, 2018-10-10, 9
174, 2018-03-01, 2018-03-07, 9
175, 2018-03-30, 2018-04-11, 9
176, 2018-11-05, 2018-11-15, 9
177, 2018-06-21, 2018-07-01, 9
178, 2018-09-07, 2018-09-08, 9
179, 2018-08-12, 2018-08-20, 9
180, 2018-03-19, 2018-03-30, 9
181, 2018-12-23, 2018-12-26, 9
182, 2018-05-30, 2018-06-09, 9
183, 2018-01-07, 2018-01-10, 9
184, 2018-07-30, 2018-08-03, 9
185, 2018-04-19, 2018-04-23, 9
186, 2018-10-26, 2018-11-05, 10
187, 2018-09-23, 2018-10-05, 10
188, 2018-04-17, 2018-04-20, 10
189, 2018-06-26, 2018-06-28, 10
190, 2018-05-11, 2018-05-21, 10
191, 2018-02-13, 2018-02-19, 10
192, 2018-07-22, 2018-08-01, 10
193, 2018-01-13, 2018-01-25, 10
194, 2018-12-03, 2018-12-09, 10
195, 2018-08-16, 2018-08-24, 10
196, 2018-11-13, 2018-11-21, 10
197, 2018-06-05, 2018-06-06, 10
198, 2018-05-24, 2018-05-28, 10
199, 2018-02-07, 2018-02-11, 10
200, 2018-06-16, 2018-06-19, 10
201, 2018-03-05, 2018-03-07, 10
202, 2018-10-13, 2018-10-26, 10
203, 2018-03-11, 2018-03-13, 10
204, 2018-04-02, 2018-04-02, 10
205, 2018-08-02, 2018-08-05, 10
206, 2018-04-29, 2018-05-04, 11
207, 2018-01-06, 2018-01-14, 11
208, 2018-09-10, 2018-09-16, 11
209, 2018-06-15, 2018-06-15, 11
210, 2018-08-20, 2018-08-20, 11
211, 2018-02-19, 2018-03-04, 11
212, 2018-12-02, 2018-12-06, 11
213, 2018-06-22, 2018-06-24, 11
214, 2018-03-21, 2018-03-29, 11
215, 2018-12-07, 2018-12-17, 11
216, 2018-10-20, 2018-11-02, 11
217, 2018-01-28, 2018-01-28, 11
218, 2018-07-05, 2018-07-18, 11
219, 2018-10-07, 2018-10-12, 11
220, 2018-07-31, 2018-08-06, 12
221, 2018-10-20, 2018-10-28, 12
222, 2018-03-19, 2018-03-30, 12
223, 2018-02-03, 2018-02-13, 12
224, 2018-11-07, 2018-11-09, 12
225, 2018-05-16, 2018-05-16, 12
226, 2018-07-06, 2018-07-16, 12
227, 2018-03-14, 2018-03-18, 12
228, 2018-06-08, 2018-06-16, 12
229, 2018-01-04, 2018-01-12, 12
230, 2018-01-16, 2018-01-21, 12
231, 2018-09-26, 2018-10-09, 12
232, 2018-11-10, 2018-11-17, 12
233, 2018-05-25, 2018-05-29, 13
234, 2018-09-23, 2018-10-05, 13
235, 2018-08-03, 2018-08-12, 13
236, 2018-09-10, 2018-09-21, 13
237, 2018-06-15, 2018-06-16, 13
238, 2018-12-05, 2018-12-08, 13
239, 2018-04-25, 2018-04-29, 13
240, 2018-07-20, 2018-07-21, 13
241, 2018-05-11, 2018-05-15, 13
242, 2018-06-17, 2018-06-27, 13
243, 2018-01-25, 2018-01-28, 13
244, 2018-01-13, 2018-01-24, 13
245, 2018-07-08, 2018-07-08, 13
246, 2018-06-02, 2018-06-04, 13
247, 2018-02-12, 2018-02-21, 13
248, 2018-04-06, 2018-04-14, 13
249, 2018-10-10, 2018-10-17, 13
250, 2018-01-08, 2018-01-11, 13
251, 2018-07-09, 2018-07-11, 13
252, 2018-11-13, 2018-11-17, 13
253, 2018-08-22, 2018-08-25, 13
254, 2018-05-01, 2018-05-09, 13
255, 2018-11-24, 2018-12-05, 13
256, 2018-08-17, 2018-08-20, 13
257, 2018-06-28, 2018-07-08, 14
258, 2018-03-22, 2018-04-04, 14
259, 2018-07-22, 2018-07-25, 14
260, 2018-08-29, 2018-09-07, 14
261, 2018-12-22, 2018-12-27, 14
262, 2018-02-05, 2018-02-18, 14
263, 2018-01-26, 2018-02-01, 14
264, 2018-03-12, 2018-03-22, 14
265, 2018-11-13, 2018-11-13, 14
266, 2018-04-20, 2018-04-29, 14
267, 2018-10-06, 2018-10-14, 14
268, 2018-11-26, 2018-12-01, 14
269, 2018-06-04, 2018-06-07, 14
270, 2018-01-17, 2018-01-18, 14
271, 2018-12-13, 2018-12-21, 14
272, 2018-01-03, 2018-01-05, 14
273, 2018-10-04, 2018-10-06, 14
274, 2018-04-05, 2018-04-16, 14
275, 2018-08-22, 2018-08-25, 14
276, 2018-05-24, 2018-05-27, 14
277, 2018-02-22, 2018-03-03, 14
278, 2018-06-22, 2018-07-02, 15
279, 2018-12-10, 2018-12-17, 15
280, 2018-09-19, 2018-09-28, 15
281, 2018-09-07, 2018-09-08, 15
282, 2018-09-08, 2018-09-14, 15
283, 2018-03-20, 2018-03-21, 15
284, 2018-02-16, 2018-02-18, 15
285, 2018-06-17, 2018-06-20, 15
286, 2018-10-17, 2018-10-27, 15
287, 2018-01-17, 2018-01-24, 15
288, 2018-08-11, 2018-08-13, 15
289, 2018-10-30, 2018-11-12, 15
290, 2018-05-06, 2018-05-11, 15
291, 2018-04-24, 2018-05-02, 15
292, 2018-01-13, 2018-01-17, 15
293, 2018-10-02, 2018-10-04, 15
294, 2018-08-18, 2018-08-25, 15
295, 2018-08-29, 2018-09-04, 15
296, 2018-04-18, 2018-04-21, 15
297, 2018-10-13, 2018-10-15, 15
298, 2018-09-14, 2018-09-17, 15
299, 2018-07-14, 2018-07-20, 15
300, 2018-04-07, 2018-04-07, 15
301, 2018-08-01, 2018-08-14, 16
302, 2018-07-02, 2018-07-11, 16
303, 2018-05-24, 2018-06-04, 16
304, 2018-09-06, 2018-09-07, 16
305, 2018-12-19, 2018-12-31, 16
306, 2018-06-05, 2018-06-17, 16
307, 2018-07-29, 2018-07-30, 16
308, 2018-07-17, 2018-07-22, 16
309, 2018-10-23, 2018-10-26, 16
310, 2018-06-25, 2018-06-26, 16
311, 2018-10-31, 2018-11-09, 16
312, 2018-02-13, 2018-02-26, 16
313, 2018-11-25, 2018-12-03, 16
314, 2018-03-01, 2018-03-07, 16
315, 2018-01-24, 2018-01-29, 16
316, 2018-06-27, 2018-07-01, 17
317, 2018-07-24, 2018-07-26, 17
318, 2018-03-30, 2018-04-11, 17
319, 2018-11-11, 2018-11-24, 17
320, 2018-12-19, 2018-12-20, 17
321, 2018-06-07, 2018-06-11, 17
322, 2018-10-08, 2018-10-09, 17
323, 2018-04-22, 2018-04-23, 17
324, 2018-02-25, 2018-02-25, 17
325, 2018-07-04, 2018-07-14, 17
326, 2018-10-24, 2018-10-26, 17
327, 2018-01-11, 2018-01-20, 17
328, 2018-05-11, 2018-05-18, 17
329, 2018-01-30, 2018-01-30, 17
330, 2018-09-24, 2018-10-01, 17
331, 2018-10-13, 2018-10-15, 17
332, 2018-06-13, 2018-06-18, 17
333, 2018-07-14, 2018-07-24, 17
334, 2018-04-29, 2018-05-10, 18
335, 2018-09-05, 2018-09-07, 18
336, 2018-05-28, 2018-06-01, 18
337, 2018-09-28, 2018-09-28, 18
338, 2018-06-17, 2018-06-17, 18
339, 2018-12-06, 2018-12-10, 18
340, 2018-01-13, 2018-01-13, 18
341, 2018-04-17, 2018-04-25, 18
342, 2018-12-17, 2018-12-23, 18
343, 2018-05-25, 2018-05-28, 18
344, 2018-10-05, 2018-10-17, 18
345, 2018-06-20, 2018-07-02, 18
346, 2018-03-30, 2018-04-02, 18
347, 2018-03-07, 2018-03-09, 18
348, 2018-07-11, 2018-07-16, 18
349, 2018-09-18, 2018-09-19, 18
350, 2018-01-15, 2018-01-27, 18
351, 2018-05-14, 2018-05-24, 18
352, 2018-03-11, 2018-03-11, 18
353, 2018-12-10, 2018-12-11, 18
354, 2018-10-30, 2018-11-07, 18
355, 2018-04-03, 2018-04-03, 18
356, 2018-01-11, 2018-01-12, 18
357, 2018-02-11, 2018-02-18, 18
358, 2018-08-21, 2018-08-21, 18
359, 2018-01-13, 2018-01-19, 19
360, 2018-11-24, 2018-12-06, 19
361, 2018-03-28, 2018-04-06, 19
362, 2018-04-07, 2018-04-15, 19
363, 2018-07-24, 2018-08-05, 19
364, 2018-05-03, 2018-05-10, 19
365, 2018-09-07, 2018-09-17, 19
366, 2018-10-20, 2018-10-25, 19
367, 2018-12-15, 2018-12-17, 19
368, 2018-02-14, 2018-02-25, 19
369, 2018-03-19, 2018-03-21, 19
370, 2018-01-23, 2018-02-02, 19
371, 2018-03-16, 2018-03-18, 19
372, 2018-06-13, 2018-06-23, 19
373, 2018-10-01, 2018-10-12, 19
374, 2018-11-07, 2018-11-18, 19
375, 2018-05-14, 2018-05-25, 19
376, 2018-07-16, 2018-07-20, 19
377, 2018-03-21, 2018-03-25, 19
378, 2018-04-19, 2018-04-20, 19
379, 2018-12-26, 2018-12-28, 19
380, 2018-07-16, 2018-07-23, 20
381, 2018-06-17, 2018-06-30, 20
382, 2018-08-14, 2018-08-25, 20
383, 2018-09-04, 2018-09-05, 20
384, 2018-12-13, 2018-12-15, 20
385, 2018-01-29, 2018-01-30, 20
386, 2018-03-12, 2018-03-19, 20
387, 2018-05-23, 2018-05-30, 20
388, 2018-06-02, 2018-06-05, 20
389, 2018-10-17, 2018-10-27, 20
390, 2018-03-31, 2018-04-08, 20
391, 2018-12-02, 2018-12-08, 20
392, 2018-09-28, 2018-10-03, 20
393, 2018-11-01, 2018-11-06, 20
394, 2018-06-11, 2018-06-12, 20
395, 2018-03-03, 2018-03-03, 20
396, 2018-11-12, 2018-11-24, 20
397, 2018-02-01, 2018-02-14, 20
398, 2018-07-05, 2018-07-10, 20
399, 2018-04-12, 2018-04-19, 20
400, 2018-01-19, 2018-01-19, 20
401, 2018-10-11, 2018-10-11, 21
402, 2018-02-26, 2018-02-28, 21
403, 2018-08-06, 2018-08-18, 21
404, 2018-08-24, 2018-08-31, 21
405, 2018-08-21, 2018-08-22, 21
406, 2018-11-24, 2018-11-27, 21
407, 2018-11-29, 2018-12-10, 21
408, 2018-01-12, 2018-01-16, 21
409, 2018-06-01, 2018-06-11, 21
410, 2018-09-14, 2018-09-20, 21
411, 2018-02-28, 2018-03-12, 21
412, 2018-05-12, 2018-05-22, 21
413, 2018-01-26, 2018-02-04, 21
414, 2018-10-23, 2018-10-26, 21
415, 2018-09-29, 2018-09-29, 21
416, 2018-12-15, 2018-12-21, 21
417, 2018-03-30, 2018-04-06, 21
418, 2018-10-09, 2018-10-09, 21
419, 2018-10-28, 2018-11-09, 21
420, 2018-07-30, 2018-08-03, 21
421, 2018-02-12, 2018-02-19, 21
422, 2018-06-25, 2018-07-05, 22
423, 2018-12-24, 2019-01-01, 22
424, 2018-07-13, 2018-07-13, 22
425, 2018-03-12, 2018-03-19, 22
426, 2018-07-29, 2018-08-06, 22
427, 2018-10-13, 2018-10-24, 22
428, 2018-09-11, 2018-09-21, 22
429, 2018-04-13, 2018-04-16, 22
430, 2018-11-23, 2018-11-24, 22
431, 2018-05-04, 2018-05-15, 22
432, 2018-03-23, 2018-03-29, 22
433, 2018-03-30, 2018-04-12, 22
434, 2018-09-28, 2018-09-28, 22
435, 2018-06-02, 2018-06-06, 22
436, 2018-03-20, 2018-03-21, 22
437, 2018-03-04, 2018-03-05, 22
438, 2018-06-18, 2018-06-22, 23
439, 2018-08-13, 2018-08-15, 23
440, 2018-11-18, 2018-11-19, 23
441, 2018-05-22, 2018-05-31, 23
442, 2018-06-16, 2018-06-16, 23
443, 2018-05-01, 2018-05-14, 23
444, 2018-02-07, 2018-02-17, 23
445, 2018-12-10, 2018-12-21, 23
446, 2018-01-03, 2018-01-14, 23
447, 2018-03-04, 2018-03-10, 23
448, 2018-09-12, 2018-09-17, 23
449, 2018-11-25, 2018-12-04, 23
450, 2018-02-28, 2018-03-04, 23
451, 2018-03-31, 2018-04-01, 23
452, 2018-06-27, 2018-06-28, 23
453, 2018-04-03, 2018-04-08, 23
454, 2018-10-18, 2018-10-18, 23
455, 2018-01-27, 2018-02-02, 23
456, 2018-01-15, 2018-01-16, 23
457, 2018-09-20, 2018-09-27, 23
458, 2018-01-20, 2018-01-25, 23
459, 2018-04-25, 2018-04-30, 23
460, 2018-08-16, 2018-08-28, 24
461, 2018-04-20, 2018-04-27, 24
462, 2018-03-04, 2018-03-04, 24
463, 2018-01-05, 2018-01-14, 24
464, 2018-09-07, 2018-09-15, 24
465, 2018-03-26, 2018-04-02, 24
466, 2018-06-25, 2018-07-03, 24
467, 2018-12-16, 2018-12-22, 24
468, 2018-06-03, 2018-06-14, 24
469, 2018-05-16, 2018-05-19, 24
470, 2018-07-19, 2018-07-29, 24
471, 2018-09-19, 2018-10-01, 24
472, 2018-07-11, 2018-07-15, 24
473, 2018-02-18, 2018-03-01, 24
474, 2018-07-04, 2018-07-05, 24
475, 2018-11-17, 2018-11-21, 24
476, 2018-04-10, 2018-04-16, 24
477, 2018-07-31, 2018-08-07, 24
478, 2018-07-15, 2018-07-17, 24
479, 2018-01-14, 2018-01-17, 24
480, 2018-12-07, 2018-12-13, 25
481, 2018-11-21, 2018-11-30, 25
482, 2018-06-08, 2018-06-13, 25
483, 2018-07-20, 2018-07-31, 25
484, 2018-05-26, 2018-05-27, 25
485, 2018-03-15, 2018-03-19, 25
486, 2018-05-31, 2018-06-06, 25
487, 2018-03-09, 2018-03-12, 25
488, 2018-08-12, 2018-08-16, 25
489, 2018-06-24, 2018-06-24, 25
490, 2018-09-07, 2018-09-11, 25
491, 2018-04-25, 2018-04-25, 25
492, 2018-01-21, 2018-02-03, 25
493, 2018-04-08, 2018-04-20, 25
494, 2018-06-26, 2018-06-29, 25
495, 2018-03-31, 2018-04-08, 25
496, 2018-03-25, 2018-03-25, 25
497, 2018-11-03, 2018-11-12, 25
498, 2018-02-20, 2018-03-01, 25
499, 2018-07-02, 2018-07-14, 25
500, 2018-05-17, 2018-05-19, 25
501, 2018-08-23, 2018-08-26, 25
502, 2018-04-18, 2018-04-30, 26
503, 2018-02-24, 2018-03-08, 26
504, 2018-05-24, 2018-05-29, 26
505, 2018-02-04, 2018-02-06, 26
506, 2018-01-23, 2018-02-02, 26
507, 2018-11-06, 2018-11-10, 26
508, 2018-05-05, 2018-05-14, 26
509, 2018-04-10, 2018-04-11, 26
510, 2018-02-02, 2018-02-03, 26
511, 2018-05-14, 2018-05-24, 26
512, 2018-01-02, 2018-01-13, 26
513, 2018-06-23, 2018-06-23, 26
514, 2018-09-01, 2018-09-11, 26
515, 2018-09-09, 2018-09-17, 27
516, 2018-07-06, 2018-07-17, 27
517, 2018-10-24, 2018-10-29, 27
518, 2018-09-17, 2018-09-20, 27
519, 2018-04-18, 2018-04-28, 27
520, 2018-12-28, 2018-12-31, 27
521, 2018-06-13, 2018-06-20, 27
522, 2018-12-26, 2018-12-27, 27
523, 2018-11-18, 2018-12-01, 27
524, 2018-05-11, 2018-05-19, 27
525, 2018-08-09, 2018-08-15, 27
526, 2018-10-07, 2018-10-18, 27
527, 2018-03-15, 2018-03-22, 27
528, 2018-04-29, 2018-04-30, 27
529, 2018-08-25, 2018-09-04, 27
530, 2018-01-12, 2018-01-20, 27
531, 2018-05-28, 2018-05-28, 27
532, 2018-07-20, 2018-07-26, 28
533, 2018-08-15, 2018-08-17, 28
534, 2018-10-25, 2018-10-26, 28
535, 2018-11-30, 2018-12-06, 28
536, 2018-05-25, 2018-06-06, 28
537, 2018-09-23, 2018-09-23, 28
538, 2018-10-11, 2018-10-15, 28
539, 2018-06-08, 2018-06-19, 28
540, 2018-01-08, 2018-01-10, 28
541, 2018-01-13, 2018-01-26, 28
542, 2018-06-28, 2018-07-07, 28
543, 2018-10-01, 2018-10-02, 28
544, 2018-11-27, 2018-11-29, 28
545, 2018-05-02, 2018-05-03, 28
546, 2018-11-16, 2018-11-21, 28
547, 2018-01-07, 2018-01-07, 28
548, 2018-04-17, 2018-04-19, 28
549, 2018-05-04, 2018-05-13, 28
550, 2018-05-15, 2018-05-15, 28
551, 2018-07-26, 2018-07-29, 28
552, 2018-11-01, 2018-11-11, 28
553, 2018-03-14, 2018-03-15, 28
554, 2018-02-17, 2018-02-26, 28
555, 2018-07-30, 2018-08-01, 28
556, 2018-07-09, 2018-07-16, 28
557, 2018-02-09, 2018-02-13, 29
558, 2018-07-27, 2018-07-28, 29
559, 2018-01-07, 2018-01-07, 29
560, 2018-11-27, 2018-12-08, 29
561, 2018-09-16, 2018-09-28, 29
562, 2018-01-16, 2018-01-28, 29
563, 2018-10-13, 2018-10-13, 29
564, 2018-05-08, 2018-05-21, 29
565, 2018-11-06, 2018-11-14, 29
566, 2018-12-20, 2019-01-01, 29
567, 2018-08-03, 2018-08-09, 29
568, 2018-10-27, 2018-11-05, 29
569, 2018-05-01, 2018-05-06, 29
570, 2018-10-01, 2018-10-06, 29
571, 2018-12-15, 2018-12-15, 29
572, 2018-08-26, 2018-08-29, 29
573, 2018-07-19, 2018-07-25, 29
574, 2018-02-15, 2018-02-26, 29
575, 2018-08-19, 2018-08-21, 29
576, 2018-08-09, 2018-08-18, 29
577, 2018-06-14, 2018-06-23, 29
578, 2018-10-20, 2018-10-21, 29
579, 2018-04-01, 2018-04-13, 29
580, 2018-07-12, 2018-07-19, 29
581, 2018-01-02, 2018-01-03, 30
582, 2018-03-12, 2018-03-25, 30
583, 2018-06-01, 2018-06-07, 30
584, 2018-08-08, 2018-08-10, 30
585, 2018-10-09, 2018-10-22, 30
586, 2018-07-17, 2018-07-28, 30
587, 2018-01-14, 2018-01-19, 30
588, 2018-05-21, 2018-05-23, 30
589, 2018-04-03, 2018-04-07, 30
590, 2018-02-12, 2018-02-22, 30
591, 2018-02-02, 2018-02-05, 30
592, 2018-12-06, 2018-12-12, 30
593, 2018-08-11, 2018-08-21, 30
594, 2018-01-19, 2018-01-26, 30
595, 2018-09-07, 2018-09-15, 30
596, 2018-05-03, 2018-05-12, 30
597, 2018-09-29, 2018-10-01, 30
598, 2018-07-20, 2018-07-26, 31
599, 2018-10-29, 2018-11-08, 31
600, 2018-11-08, 2018-11-17, 31
601, 2018-12-24, 2018-12-29, 31
602, 2018-10-17, 2018-10-27, 31
603, 2018-10-04, 2018-10-07, 31
604, 2018-06-24, 2018-06-29, 31
605, 2018-04-29, 2018-05-03, 31
606, 2018-04-13, 2018-04-19, 31
607, 2018-02-23, 2018-03-03, 31
608, 2018-02-18, 2018-02-22, 31
609, 2018-09-01, 2018-09-08, 31
610, 2018-06-12, 2018-06-17, 31
611, 2018-07-28, 2018-07-30, 31
612, 2018-01-26, 2018-01-28, 31
613, 2018-12-08, 2018-12-17, 31
614, 2018-05-31, 2018-06-04, 31
615, 2018-03-16, 2018-03-22, 31
616, 2018-04-14, 2018-04-24, 32
617, 2018-03-30, 2018-04-09, 32
618, 2018-07-04, 2018-07-07, 32
619, 2018-03-26, 2018-03-29, 32
620, 2018-07-08, 2018-07-18, 32
621, 2018-11-15, 2018-11-24, 32
622, 2018-07-02, 2018-07-02, 32
623, 2018-03-08, 2018-03-09, 32
624, 2018-09-11, 2018-09-20, 32
625, 2018-08-05, 2018-08-07, 32
626, 2018-08-08, 2018-08-19, 32
627, 2018-05-20, 2018-05-22, 32
628, 2018-01-16, 2018-01-19, 32
629, 2018-01-05, 2018-01-15, 32
630, 2018-03-14, 2018-03-22, 32
631, 2018-11-06, 2018-11-06, 32
632, 2018-01-25, 2018-01-30, 32
633, 2018-10-26, 2018-10-28, 32
634, 2018-02-15, 2018-02-27, 32
635, 2018-03-01, 2018-03-02, 32
636, 2018-12-28, 2018-12-30, 33
637, 2018-08-10, 2018-08-17, 33
638, 2018-08-29, 2018-09-10, 33
639, 2018-10-25, 2018-11-06, 33
640, 2018-12-19, 2018-12-27, 33
641, 2018-07-23, 2018-07-29, 33
642, 2018-04-15, 2018-04-21, 33
643, 2018-05-18, 2018-05-29, 33
644, 2018-05-08, 2018-05-08, 33
645, 2018-08-03, 2018-08-03, 33
646, 2018-09-15, 2018-09-16, 33
647, 2018-06-15, 2018-06-16, 33
648, 2018-07-03, 2018-07-04, 33
649, 2018-10-07, 2018-10-20, 33
650, 2018-05-09, 2018-05-09, 33
651, 2018-07-14, 2018-07-21, 33
652, 2018-11-27, 2018-12-08, 33
653, 2018-09-25, 2018-10-05, 33
654, 2018-12-14, 2018-12-15, 33
655, 2018-01-17, 2018-01-20, 33
656, 2018-02-19, 2018-02-20, 33
657, 2018-11-11, 2018-11-18, 33
658, 2018-03-02, 2018-03-07, 33
659, 2018-03-18, 2018-03-23, 33
660, 2018-06-01, 2018-06-08, 33
661, 2018-02-25, 2018-02-26, 33
662, 2018-02-13, 2018-02-23, 34
663, 2018-04-03, 2018-04-08, 34
664, 2018-06-19, 2018-06-30, 34
665, 2018-11-17, 2018-11-17, 34
666, 2018-12-25, 2019-01-01, 34
667, 2018-01-01, 2018-01-13, 34
668, 2018-05-01, 2018-05-05, 34
669, 2018-11-07, 2018-11-11, 34
670, 2018-02-02, 2018-02-03, 34
671, 2018-10-16, 2018-10-24, 34
672, 2018-08-08, 2018-08-18, 34
673, 2018-02-27, 2018-03-09, 34
674, 2018-05-21, 2018-05-25, 34
675, 2018-04-20, 2018-04-30, 34
676, 2018-06-07, 2018-06-08, 34
677, 2018-11-29, 2018-11-29, 34
678, 2018-08-24, 2018-09-02, 34
679, 2018-01-16, 2018-01-28, 34
680, 2018-03-17, 2018-03-26, 34
681, 2018-01-28, 2018-01-29, 34
682, 2018-08-14, 2018-08-17, 35
683, 2018-01-25, 2018-02-03, 35
684, 2018-04-20, 2018-04-28, 35
685, 2018-05-08, 2018-05-14, 35
686, 2018-01-04, 2018-01-17, 35
687, 2018-03-26, 2018-04-08, 35
688, 2018-12-11, 2018-12-22, 35
689, 2018-02-20, 2018-02-24, 35
690, 2018-05-03, 2018-05-04, 35
691, 2018-06-16, 2018-06-26, 35
692, 2018-06-05, 2018-06-13, 35
693, 2018-09-03, 2018-09-15, 35
694, 2018-01-19, 2018-01-19, 35
695, 2018-01-20, 2018-01-25, 35
696, 2018-02-05, 2018-02-07, 35
697, 2018-12-25, 2018-12-26, 35
698, 2018-10-14, 2018-10-23, 36
699, 2018-12-22, 2018-12-25, 36
700, 2018-06-16, 2018-06-22, 36
701, 2018-07-03, 2018-07-12, 36
702, 2018-08-03, 2018-08-07, 36
703, 2018-01-25, 2018-02-06, 36
704, 2018-12-08, 2018-12-16, 36
705, 2018-09-26, 2018-10-02, 36
706, 2018-09-08, 2018-09-11, 36
707, 2018-06-10, 2018-06-12, 36
708, 2018-08-19, 2018-08-22, 36
709, 2018-11-04, 2018-11-07, 36
710, 2018-02-12, 2018-02-18, 36
711, 2018-08-29, 2018-08-29, 36
712, 2018-11-26, 2018-11-28, 36
713, 2018-07-16, 2018-07-19, 36
714, 2018-05-31, 2018-06-01, 36
715, 2018-06-11, 2018-06-22, 37
716, 2018-04-29, 2018-05-08, 37
717, 2018-11-02, 2018-11-02, 37
718, 2018-02-06, 2018-02-06, 37
719, 2018-12-20, 2019-01-01, 37
720, 2018-04-02, 2018-04-14, 37
721, 2018-07-30, 2018-08-11, 37
722, 2018-09-26, 2018-10-04, 37
723, 2018-11-21, 2018-12-03, 37
724, 2018-02-19, 2018-03-04, 37
725, 2018-01-12, 2018-01-16, 37
726, 2018-05-22, 2018-06-01, 37
727, 2018-12-09, 2018-12-09, 37
728, 2018-08-31, 2018-09-04, 37
729, 2018-02-13, 2018-02-19, 37
730, 2018-09-11, 2018-09-18, 38
731, 2018-06-02, 2018-06-11, 38
732, 2018-12-22, 2018-12-24, 38
733, 2018-07-23, 2018-07-31, 38
734, 2018-01-08, 2018-01-14, 38
735, 2018-10-24, 2018-10-27, 38
736, 2018-09-01, 2018-09-05, 38
737, 2018-10-14, 2018-10-14, 38
738, 2018-11-01, 2018-11-11, 38
739, 2018-11-30, 2018-12-05, 38
740, 2018-06-23, 2018-06-25, 38
741, 2018-03-19, 2018-03-23, 38
742, 2018-03-04, 2018-03-10, 38
743, 2018-10-04, 2018-10-08, 38
744, 2018-08-03, 2018-08-12, 38
745, 2018-04-29, 2018-05-02, 39
746, 2018-12-18, 2018-12-20, 39
747, 2018-03-01, 2018-03-12, 39
748, 2018-05-22, 2018-05-26, 39
749, 2018-06-02, 2018-06-14, 39
750, 2018-10-04, 2018-10-11, 39
751, 2018-08-08, 2018-08-15, 39
752, 2018-01-18, 2018-01-23, 39
753, 2018-06-26, 2018-07-07, 39
754, 2018-11-27, 2018-12-06, 39
755, 2018-09-12, 2018-09-22, 39
756, 2018-04-18, 2018-04-29, 39
757, 2018-07-23, 2018-08-01, 39
758, 2018-03-19, 2018-03-22, 39
759, 2018-10-27, 2018-11-08, 39
760, 2018-12-26, 2018-12-27, 39
761, 2018-05-04, 2018-05-15, 39
762, 2018-02-23, 2018-03-05, 40
763, 2018-05-24, 2018-05-29, 40
764, 2018-05-11, 2018-05-16, 40
765, 2018-10-24, 2018-10-25, 40
766, 2018-12-20, 2018-12-29, 40
767, 2018-04-29, 2018-05-03, 40
768, 2018-11-28, 2018-12-02, 40
769, 2018-12-10, 2018-12-12, 40
770, 2018-09-18, 2018-09-23, 40
771, 2018-04-13, 2018-04-15, 40
772, 2018-11-06, 2018-11-14, 40
773, 2018-03-30, 2018-04-03, 40
774, 2018-08-01, 2018-08-03, 40
775, 2018-07-18, 2018-07-22, 40
776, 2018-05-18, 2018-05-19, 40
777, 2018-08-26, 2018-09-02, 40
778, 2018-10-08, 2018-10-13, 40
779, 2018-01-20, 2018-01-24, 40
780, 2018-03-05, 2018-03-16, 40
781, 2018-09-30, 2018-10-03, 40
782, 2018-08-04, 2018-08-09, 40
783, 2018-11-16, 2018-11-24, 40
784, 2018-02-05, 2018-02-09, 40
785, 2018-11-28, 2018-12-08, 41
786, 2018-07-20, 2018-07-23, 41
787, 2018-11-12, 2018-11-15, 41
788, 2018-06-03, 2018-06-04, 41
789, 2018-04-24, 2018-05-03, 41
790, 2018-03-24, 2018-03-26, 41
791, 2018-01-17, 2018-01-20, 41
792, 2018-05-29, 2018-05-29, 41
793, 2018-10-20, 2018-10-24, 41
794, 2018-06-23, 2018-06-24, 41
795, 2018-05-13, 2018-05-25, 41
796, 2018-02-26, 2018-02-28, 41
797, 2018-09-19, 2018-09-21, 41
798, 2018-03-07, 2018-03-20, 41
799, 2018-07-28, 2018-08-05, 41
800, 2018-04-13, 2018-04-18, 41
801, 2018-03-21, 2018-03-22, 41
802, 2018-02-18, 2018-02-26, 41
803, 2018-09-05, 2018-09-18, 41
804, 2018-01-12, 2018-01-15, 41
805, 2018-08-27, 2018-09-05, 41
806, 2018-10-01, 2018-10-11, 41
807, 2018-12-18, 2018-12-21, 41
808, 2018-02-05, 2018-02-12, 41
809, 2018-07-01, 2018-07-13, 42
810, 2018-04-11, 2018-04-22, 42
811, 2018-08-23, 2018-08-25, 42
812, 2018-07-14, 2018-07-24, 42
813, 2018-12-14, 2018-12-21, 42
814, 2018-11-05, 2018-11-07, 42
815, 2018-08-12, 2018-08-22, 42
816, 2018-01-31, 2018-02-13, 42
817, 2018-01-06, 2018-01-15, 42
818, 2018-09-30, 2018-10-08, 42
819, 2018-10-27, 2018-10-30, 42
820, 2018-03-24, 2018-03-24, 43
821, 2018-10-03, 2018-10-09, 43
822, 2018-10-14, 2018-10-23, 43
823, 2018-08-29, 2018-08-30, 43
824, 2018-01-08, 2018-01-21, 43
825, 2018-05-13, 2018-05-21, 43
826, 2018-11-29, 2018-12-05, 43
827, 2018-05-03, 2018-05-10, 43
828, 2018-10-13, 2018-10-13, 43
829, 2018-03-29, 2018-04-04, 43
830, 2018-11-18, 2018-11-25, 43
831, 2018-11-27, 2018-11-29, 43
832, 2018-04-04, 2018-04-07, 43
833, 2018-12-05, 2018-12-08, 43
834, 2018-02-17, 2018-02-22, 43
835, 2018-08-09, 2018-08-09, 43
836, 2018-11-08, 2018-11-14, 43
837, 2018-01-24, 2018-01-30, 43
838, 2018-12-14, 2018-12-22, 43
839, 2018-06-16, 2018-06-27, 43
840, 2018-01-05, 2018-01-16, 44
841, 2018-05-31, 2018-06-11, 44
842, 2018-08-14, 2018-08-24, 44
843, 2018-11-16, 2018-11-20, 44
844, 2018-06-19, 2018-06-27, 44
845, 2018-10-01, 2018-10-07, 44
846, 2018-10-07, 2018-10-17, 44
847, 2018-08-09, 2018-08-13, 44
848, 2018-02-06, 2018-02-06, 44
849, 2018-09-21, 2018-09-26, 44
850, 2018-12-25, 2019-01-01, 44
851, 2018-04-28, 2018-04-28, 45
852, 2018-11-04, 2018-11-06, 45
853, 2018-01-14, 2018-01-15, 45
854, 2018-04-23, 2018-04-26, 45
855, 2018-08-21, 2018-08-30, 45
856, 2018-07-20, 2018-07-29, 45
857, 2018-08-03, 2018-08-11, 45
858, 2018-04-05, 2018-04-15, 45
859, 2018-12-08, 2018-12-18, 45
860, 2018-01-22, 2018-01-27, 45
861, 2018-09-02, 2018-09-11, 45
862, 2018-06-13, 2018-06-14, 45
863, 2018-02-16, 2018-02-18, 45
864, 2018-09-11, 2018-09-13, 45
865, 2018-10-09, 2018-10-10, 45
866, 2018-03-02, 2018-03-15, 45
867, 2018-04-30, 2018-05-03, 45
868, 2018-12-21, 2018-12-21, 45
869, 2018-07-07, 2018-07-17, 45
870, 2018-02-26, 2018-02-26, 45
871, 2018-09-29, 2018-10-01, 45
872, 2018-11-19, 2018-11-22, 45
873, 2018-03-18, 2018-03-18, 45
874, 2018-07-03, 2018-07-03, 45
875, 2018-12-25, 2018-12-27, 45
876, 2018-02-14, 2018-02-14, 45
877, 2018-03-26, 2018-04-03, 45
878, 2018-05-04, 2018-05-04, 46
879, 2018-07-31, 2018-08-06, 46
880, 2018-06-15, 2018-06-27, 46
881, 2018-07-07, 2018-07-11, 46
882, 2018-03-22, 2018-04-03, 46
883, 2018-05-31, 2018-06-11, 46
884, 2018-03-18, 2018-03-20, 46
885, 2018-10-21, 2018-10-31, 46
886, 2018-04-29, 2018-05-03, 46
887, 2018-07-24, 2018-07-27, 46
888, 2018-09-07, 2018-09-09, 46
889, 2018-12-07, 2018-12-16, 46
890, 2018-07-12, 2018-07-12, 46
891, 2018-08-26, 2018-09-06, 46
892, 2018-01-17, 2018-01-26, 46
893, 2018-11-07, 2018-11-19, 46
894, 2018-10-15, 2018-10-19, 46
895, 2018-01-04, 2018-01-17, 46
896, 2018-07-01, 2018-07-05, 46
897, 2018-10-02, 2018-10-15, 46
898, 2018-09-20, 2018-09-23, 46
899, 2018-11-28, 2018-11-29, 46
900, 2018-07-23, 2018-07-31, 47
901, 2018-09-11, 2018-09-12, 47
902, 2018-08-25, 2018-08-25, 47
903, 2018-09-28, 2018-09-30, 47
904, 2018-01-25, 2018-01-30, 47
905, 2018-01-16, 2018-01-23, 47
906, 2018-08-16, 2018-08-20, 47
907, 2018-10-15, 2018-10-24, 47
908, 2018-11-12, 2018-11-23, 47
909, 2018-06-20, 2018-06-24, 47
910, 2018-10-07, 2018-10-15, 47
911, 2018-07-14, 2018-07-14, 47
912, 2018-06-12, 2018-06-20, 47
913, 2018-10-28, 2018-11-01, 47
914, 2018-02-10, 2018-02-19, 47
915, 2018-05-12, 2018-05-20, 47
916, 2018-04-11, 2018-04-20, 47
917, 2018-10-02, 2018-10-02, 47
918, 2018-05-03, 2018-05-09, 47
919, 2018-09-06, 2018-09-16, 48
920, 2018-03-02, 2018-03-08, 48
921, 2018-12-28, 2018-12-29, 48
922, 2018-11-10, 2018-11-14, 48
923, 2018-12-04, 2018-12-04, 48
924, 2018-03-20, 2018-03-23, 48
925, 2018-11-22, 2018-11-26, 48
926, 2018-07-10, 2018-07-13, 48
927, 2018-02-13, 2018-02-16, 48
928, 2018-01-22, 2018-01-31, 48
929, 2018-03-27, 2018-04-08, 48
930, 2018-07-27, 2018-08-09, 48
931, 2018-05-14, 2018-05-16, 48
932, 2018-09-28, 2018-10-02, 48
933, 2018-05-24, 2018-05-28, 48
934, 2018-01-04, 2018-01-15, 48
935, 2018-12-07, 2018-12-12, 48
936, 2018-12-07, 2018-12-13, 49
937, 2018-04-12, 2018-04-21, 49
938, 2018-11-22, 2018-12-01, 49
939, 2018-05-27, 2018-05-28, 49
940, 2018-07-10, 2018-07-16, 49
941, 2018-07-19, 2018-07-29, 49
942, 2018-09-24, 2018-09-26, 49
943, 2018-07-30, 2018-08-07, 49
944, 2018-06-10, 2018-06-20, 49
945, 2018-02-03, 2018-02-06, 49
946, 2018-12-25, 2018-12-30, 49
947, 2018-02-21, 2018-03-03, 49
948, 2018-09-06, 2018-09-13, 49
949, 2018-02-06, 2018-02-19, 49
950, 2018-04-30, 2018-05-09, 49
951, 2018-10-28, 2018-11-03, 49
952, 2018-11-03, 2018-11-04, 49
953, 2018-01-25, 2018-01-28, 49
954, 2018-03-21, 2018-03-24, 50
955, 2018-07-17, 2018-07-20, 50
956, 2018-10-01, 2018-10-05, 50
957, 2018-05-02, 2018-05-07, 50
958, 2018-02-16, 2018-02-26, 50
959, 2018-08-13, 2018-08-14, 50
960, 2018-04-28, 2018-05-02, 50
961, 2018-01-19, 2018-01-21, 50
962, 2018-10-07, 2018-10-12, 50
963, 2018-08-17, 2018-08-19, 50
964, 2018-06-21, 2018-06-21, 50
965, 2018-12-17, 2018-12-21, 50
966, 2018-05-22, 2018-05-23, 50
967, 2018-01-09, 2018-01-15, 50
968, 2018-02-26, 2018-03-02, 50
969, 2018-08-31, 2018-09-05, 50
970, 2018-03-29, 2018-04-08, 50
971, 2018-04-14, 2018-04-27, 50
972, 2018-09-12, 2018-09-15, 50
973, 2018-05-25, 2018-05-25, 50
974, 2018-03-15, 2018-03-21, 50
975, 2018-01-27, 2018-02-07, 50
976, 2018-11-16, 2018-11-17, 50
977, 2018-03-07, 2018-03-12, 51
978, 2018-07-30, 2018-07-30, 51
979, 2018-10-29, 2018-11-02, 51
980, 2018-10-05, 2018-10-06, 51
981, 2018-04-15, 2018-04-18, 51
982, 2018-04-09, 2018-04-10, 51
983, 2018-12-05, 2018-12-11, 51
984, 2018-09-17, 2018-09-21, 51
985, 2018-01-29, 2018-02-11, 51
986, 2018-01-14, 2018-01-19, 51
987, 2018-03-22, 2018-03-29, 51
988, 2018-11-16, 2018-11-28, 51
989, 2018-09-04, 2018-09-12, 51
990, 2018-09-15, 2018-09-16, 51
991, 2018-04-23, 2018-04-29, 51
992, 2018-08-19, 2018-08-30, 51
993, 2018-06-08, 2018-06-16, 51
994, 2018-05-20, 2018-05-21, 51
995, 2018-11-14, 2018-11-14, 51
996, 2018-04-06, 2018-04-13, 52
997, 2018-07-09, 2018-07-09, 52
998, 2018-08-18, 2018-08-26, 52
999, 2018-02-20, 2018-03-02, 52
1000, 2018-05-28, 2018-06-02, 52
1001, 2018-03-06, 2018-03-19, 52
1002, 2018-07-15, 2018-07-22, 52
1003, 2018-04-27, 2018-05-01, 52
1004, 2018-12-23, 2018-12-31, 52
1005, 2018-11-17, 2018-11-30, 52
1006, 2018-03-26, 2018-03-28, 52
1007, 2018-08-11, 2018-08-11, 52
1008, 2018-02-04, 2018-02-10, 53
1009, 2018-09-20, 2018-09-26, 53
1010, 2018-04-27, 2018-05-02, 53
1011, 2018-03-07, 2018-03-11, 53
1012, 2018-09-28, 2018-10-06, 53
1013, 2018-03-19, 2018-03-25, 53
1014, 2018-07-23, 2018-08-04, 53
1015, 2018-03-27, 2018-04-07, 53
1016, 2018-05-17, 2018-05-27, 53
1017, 2018-08-06, 2018-08-07, 53
1018, 2018-10-16, 2018-10-21, 53
1019, 2018-12-19, 2018-12-23, 53
1020, 2018-09-01, 2018-09-12, 53
1021, 2018-12-02, 2018-12-08, 53
1022, 2018-03-13, 2018-03-14, 53
1023, 2018-08-09, 2018-08-14, 53
1024, 2018-10-26, 2018-10-31, 53
1025, 2018-11-18, 2018-11-29, 53
1026, 2018-04-11, 2018-04-22, 53
1027, 2018-01-19, 2018-01-27, 53
1028, 2018-11-15, 2018-11-19, 54
1029, 2018-11-24, 2018-11-27, 54
1030, 2018-05-06, 2018-05-15, 54
1031, 2018-12-26, 2018-12-31, 54
1032, 2018-08-27, 2018-09-09, 54
1033, 2018-11-30, 2018-12-04, 54
1034, 2018-01-11, 2018-01-14, 54
1035, 2018-08-09, 2018-08-21, 54
1036, 2018-06-17, 2018-06-23, 54
1037, 2018-12-20, 2018-12-22, 54
1038, 2018-03-31, 2018-04-11, 54
1039, 2018-09-13, 2018-09-14, 54
1040, 2018-05-16, 2018-05-22, 54
1041, 2018-09-21, 2018-09-24, 54
1042, 2018-02-21, 2018-03-03, 54
1043, 2018-06-07, 2018-06-08, 54
1044, 2018-07-22, 2018-07-26, 54
1045, 2018-07-02, 2018-07-08, 54
1046, 2018-08-04, 2018-08-11, 55
1047, 2018-10-26, 2018-10-28, 55
1048, 2018-04-26, 2018-05-07, 55
1049, 2018-10-13, 2018-10-24, 55
1050, 2018-11-13, 2018-11-14, 55
1051, 2018-07-12, 2018-07-17, 55
1052, 2018-10-31, 2018-11-11, 55
1053, 2018-09-10, 2018-09-17, 55
1054, 2018-01-13, 2018-01-22, 55
1055, 2018-07-30, 2018-08-01, 55
1056, 2018-12-12, 2018-12-14, 55
1057, 2018-01-07, 2018-01-10, 55
1058, 2018-07-10, 2018-07-12, 55
1059, 2018-02-03, 2018-02-03, 55
1060, 2018-09-25, 2018-10-04, 55
1061, 2018-01-22, 2018-01-23, 55
1062, 2018-02-28, 2018-03-12, 55
1063, 2018-05-16, 2018-05-23, 55
1064, 2018-08-26, 2018-08-26, 55
1065, 2018-05-08, 2018-05-14, 55
1066, 2018-12-29, 2018-12-31, 55
1067, 2018-12-18, 2018-12-21, 55
1068, 2018-11-26, 2018-12-04, 55
1069, 2018-05-19, 2018-05-19, 56
1070, 2018-09-26, 2018-09-26, 56
1071, 2018-07-08, 2018-07-16, 56
1072, 2018-10-06, 2018-10-06, 56
1073, 2018-02-23, 2018-03-07, 56
1074, 2018-01-29, 2018-02-08, 56
1075, 2018-01-01, 2018-01-07, 56
1076, 2018-12-28, 2018-12-31, 56
1077, 2018-11-19, 2018-11-26, 56
1078, 2018-04-06, 2018-04-11, 56
1079, 2018-10-27, 2018-11-03, 56
1080, 2018-08-20, 2018-08-28, 57
1081, 2018-07-20, 2018-07-30, 57
1082, 2018-08-28, 2018-08-31, 57
1083, 2018-09-17, 2018-09-23, 57
1084, 2018-11-06, 2018-11-19, 57
1085, 2018-03-05, 2018-03-17, 57
1086, 2018-01-22, 2018-01-24, 57
1087, 2018-04-25, 2018-04-29, 57
1088, 2018-09-06, 2018-09-07, 57
1089, 2018-02-10, 2018-02-22, 57
1090, 2018-06-23, 2018-07-05, 57
1091, 2018-06-19, 2018-06-21, 57
1092, 2018-12-27, 2018-12-28, 57
1093, 2018-05-12, 2018-05-18, 57
1094, 2018-08-11, 2018-08-19, 57
1095, 2018-01-11, 2018-01-16, 57
1096, 2018-03-28, 2018-04-10, 57
1097, 2018-04-29, 2018-05-11, 57
1098, 2018-07-08, 2018-07-10, 57
1099, 2018-06-13, 2018-06-16, 57
1100, 2018-08-05, 2018-08-07, 57
1101, 2018-08-31, 2018-09-01, 57
1102, 2018-05-27, 2018-06-05, 57
1103, 2018-12-02, 2018-12-04, 57
1104, 2018-10-15, 2018-10-16, 57
1105, 2018-05-24, 2018-05-25, 57
1106, 2018-12-13, 2018-12-16, 57
1107, 2018-05-14, 2018-05-22, 58
1108, 2018-07-25, 2018-08-06, 58
1109, 2018-08-25, 2018-08-31, 58
1110, 2018-11-12, 2018-11-22, 58
1111, 2018-09-27, 2018-10-07, 58
1112, 2018-03-12, 2018-03-19, 58
1113, 2018-04-28, 2018-05-09, 58
1114, 2018-03-28, 2018-04-06, 58
1115, 2018-06-23, 2018-06-27, 58
1116, 2018-12-12, 2018-12-25, 58
1117, 2018-10-30, 2018-10-30, 58
1118, 2018-11-01, 2018-11-01, 58
1119, 2018-02-14, 2018-02-17, 58
1120, 2018-03-05, 2018-03-06, 58
1121, 2018-10-16, 2018-10-29, 58
1122, 2018-02-27, 2018-02-27, 58
1123, 2018-11-27, 2018-12-05, 58
1124, 2018-01-11, 2018-01-15, 58
1125, 2018-09-04, 2018-09-05, 58
1126, 2018-06-22, 2018-06-23, 58
1127, 2018-06-29, 2018-07-01, 58
1128, 2018-04-16, 2018-04-27, 58
1129, 2018-10-05, 2018-10-13, 59
1130, 2018-11-21, 2018-12-02, 59
1131, 2018-04-30, 2018-05-02, 59
1132, 2018-04-16, 2018-04-21, 59
1133, 2018-07-14, 2018-07-14, 59
1134, 2018-05-04, 2018-05-13, 59
1135, 2018-12-05, 2018-12-08, 59
1136, 2018-02-16, 2018-02-27, 59
1137, 2018-06-19, 2018-07-02, 59
1138, 2018-08-27, 2018-09-06, 59
1139, 2018-08-18, 2018-08-21, 59
1140, 2018-03-10, 2018-03-11, 59
1141, 2018-02-07, 2018-02-15, 59
1142, 2018-01-18, 2018-01-27, 59
1143, 2018-09-18, 2018-09-28, 59
1144, 2018-06-02, 2018-06-10, 59
1145, 2018-08-09, 2018-08-16, 59
1146, 2018-11-04, 2018-11-13, 59
1147, 2018-07-27, 2018-08-01, 59
1148, 2018-05-14, 2018-05-19, 59
1149, 2018-10-13, 2018-10-14, 59
1150, 2018-05-20, 2018-05-24, 59
1151, 2018-10-14, 2018-10-20, 59
1152, 2018-03-22, 2018-04-04, 60
1153, 2018-04-12, 2018-04-23, 60
1154, 2018-05-19, 2018-05-23, 60
1155, 2018-02-20, 2018-02-27, 60
1156, 2018-09-01, 2018-09-11, 60
1157, 2018-08-24, 2018-08-26, 60
1158, 2018-12-01, 2018-12-08, 60
1159, 2018-07-15, 2018-07-25, 60
1160, 2018-01-12, 2018-01-16, 60
1161, 2018-08-02, 2018-08-12, 60
1162, 2018-06-19, 2018-06-28, 60
1163, 2018-03-01, 2018-03-10, 60
1164, 2018-10-04, 2018-10-08, 60
1165, 2018-09-25, 2018-10-04, 60
1166, 2018-04-05, 2018-04-06, 60
1167, 2018-01-17, 2018-01-30, 60
1168, 2018-10-09, 2018-10-20, 60
1169, 2018-11-17, 2018-11-21, 60
1170, 2018-02-01, 2018-02-10, 60
1171, 2018-12-22, 2018-12-24, 60
1172, 2018-10-22, 2018-10-31, 60
1173, 2018-03-11, 2018-03-16, 60
1174, 2018-12-10, 2018-12-11, 60
1175, 2018-12-24, 2018-12-31, 60
1176, 2018-01-03, 2018-01-10, 61
1177, 2018-06-18, 2018-06-23, 61
1178, 2018-11-30, 2018-12-06, 61
1179, 2018-10-31, 2018-11-04, 61
1180, 2018-03-06, 2018-03-11, 61
1181, 2018-02-09, 2018-02-11, 61
1182, 2018-09-30, 2018-10-03, 61
1183, 2018-05-25, 2018-05-30, 61
1184, 2018-01-26, 2018-01-28, 61
1185, 2018-12-24, 2018-12-27, 61
1186, 2018-09-23, 2018-09-25, 61
1187, 2018-08-11, 2018-08-17, 61
1188, 2018-05-09, 2018-05-19, 61
1189, 2018-04-26, 2018-04-28, 61
1190, 2018-08-20, 2018-08-30, 61
1191, 2018-07-08, 2018-07-14, 61
1192, 2018-04-12, 2018-04-23, 61
1193, 2018-05-30, 2018-06-04, 61
1194, 2018-07-17, 2018-07-25, 61
1195, 2018-05-22, 2018-05-22, 61
1196, 2018-10-19, 2018-10-21, 61
1197, 2018-06-10, 2018-06-13, 61
1198, 2018-07-06, 2018-07-06, 62
1199, 2018-02-10, 2018-02-15, 62
1200, 2018-11-22, 2018-11-29, 62
1201, 2018-03-07, 2018-03-19, 62
1202, 2018-08-17, 2018-08-26, 62
1203, 2018-05-07, 2018-05-20, 62
1204, 2018-08-08, 2018-08-10, 62
1205, 2018-07-12, 2018-07-18, 62
1206, 2018-04-30, 2018-05-03, 62
1207, 2018-10-22, 2018-11-03, 62
1208, 2018-12-03, 2018-12-04, 62
1209, 2018-12-12, 2018-12-25, 62
1210, 2018-01-08, 2018-01-20, 62
1211, 2018-09-23, 2018-10-02, 62
1212, 2018-06-29, 2018-07-02, 62
1213, 2018-01-26, 2018-02-03, 62
1214, 2018-07-07, 2018-07-12, 62
1215, 2018-04-17, 2018-04-21, 62
1216, 2018-09-19, 2018-09-21, 62
1217, 2018-04-28, 2018-04-28, 62
1218, 2018-11-12, 2018-11-20, 62
1219, 2018-12-09, 2018-12-12, 62
1220, 2018-07-03, 2018-07-05, 62
1221, 2018-12-08, 2018-12-08, 62
1222, 2018-09-17, 2018-09-22, 63
1223, 2018-05-24, 2018-06-03, 63
1224, 2018-04-01, 2018-04-01, 63
1225, 2018-01-20, 2018-01-25, 63
1226, 2018-05-03, 2018-05-07, 63
1227, 2018-08-03, 2018-08-09, 63
1228, 2018-11-03, 2018-11-09, 63
1229, 2018-08-21, 2018-08-21, 63
1230, 2018-11-29, 2018-12-04, 63
1231, 2018-07-07, 2018-07-18, 63
1232, 2018-12-13, 2018-12-17, 63
1233, 2018-10-24, 2018-10-27, 63
1234, 2018-12-18, 2018-12-28, 63
1235, 2018-03-13, 2018-03-26, 63
1236, 2018-11-18, 2018-11-18, 63
1237, 2018-01-09, 2018-01-12, 63
1238, 2018-10-16, 2018-10-21, 63
1239, 2018-10-11, 2018-10-15, 63
1240, 2018-09-06, 2018-09-09, 63
1241, 2018-09-27, 2018-09-28, 63
1242, 2018-09-30, 2018-10-11, 63
1243, 2018-07-20, 2018-07-20, 63
1244, 2018-08-28, 2018-08-28, 63
1245, 2018-12-06, 2018-12-06, 63
1246, 2018-08-20, 2018-08-21, 64
1247, 2018-01-16, 2018-01-21, 64
1248, 2018-02-21, 2018-03-01, 64
1249, 2018-04-11, 2018-04-22, 64
1250, 2018-03-13, 2018-03-24, 64
1251, 2018-11-27, 2018-12-01, 64
1252, 2018-07-24, 2018-07-29, 64
1253, 2018-04-24, 2018-04-28, 64
1254, 2018-09-02, 2018-09-03, 64
1255, 2018-06-03, 2018-06-14, 64
1256, 2018-05-24, 2018-06-02, 64
1257, 2018-11-13, 2018-11-21, 64
1258, 2018-03-04, 2018-03-11, 64
1259, 2018-06-29, 2018-07-01, 64
1260, 2018-01-30, 2018-02-12, 64
1261, 2018-08-05, 2018-08-16, 64
1262, 2018-12-02, 2018-12-07, 64
1263, 2018-09-30, 2018-10-06, 64
1264, 2018-01-07, 2018-01-07, 64
1265, 2018-07-04, 2018-07-12, 65
1266, 2018-08-28, 2018-09-04, 65
1267, 2018-05-03, 2018-05-11, 65
1268, 2018-03-28, 2018-03-29, 65
1269, 2018-07-15, 2018-07-23, 65
1270, 2018-11-26, 2018-12-07, 65
1271, 2018-09-11, 2018-09-19, 65
1272, 2018-01-02, 2018-01-07, 65
1273, 2018-10-26, 2018-10-31, 65
1274, 2018-06-20, 2018-07-03, 65
1275, 2018-08-01, 2018-08-13, 65
1276, 2018-05-25, 2018-06-07, 65
1277, 2018-04-16, 2018-04-20, 65
1278, 2018-01-08, 2018-01-13, 65
1279, 2018-04-23, 2018-05-02, 65
1280, 2018-09-19, 2018-09-29, 65
1281, 2018-03-14, 2018-03-27, 65
1282, 2018-01-16, 2018-01-17, 65
1283, 2018-04-04, 2018-04-13, 65
1284, 2018-07-31, 2018-08-01, 65
1285, 2018-02-26, 2018-03-06, 65
1286, 2018-11-15, 2018-11-25, 65
1287, 2018-02-10, 2018-02-15, 65
1288, 2018-12-14, 2018-12-19, 65
1289, 2018-09-27, 2018-09-28, 66
1290, 2018-11-14, 2018-11-18, 66
1291, 2018-03-12, 2018-03-21, 66
1292, 2018-01-17, 2018-01-24, 66
1293, 2018-02-11, 2018-02-21, 66
1294, 2018-11-22, 2018-12-05, 66
1295, 2018-08-30, 2018-09-06, 66
1296, 2018-10-06, 2018-10-11, 66
1297, 2018-08-16, 2018-08-27, 66
1298, 2018-10-14, 2018-10-25, 66
1299, 2018-07-04, 2018-07-12, 66
1300, 2018-12-07, 2018-12-17, 66
1301, 2018-04-03, 2018-04-12, 66
1302, 2018-03-14, 2018-03-16, 67
1303, 2018-03-27, 2018-03-27, 67
1304, 2018-01-27, 2018-01-31, 67
1305, 2018-03-02, 2018-03-08, 67
1306, 2018-05-27, 2018-06-09, 67
1307, 2018-12-03, 2018-12-04, 67
1308, 2018-05-04, 2018-05-08, 67
1309, 2018-08-07, 2018-08-19, 67
1310, 2018-01-21, 2018-01-23, 67
1311, 2018-09-10, 2018-09-17, 67
1312, 2018-12-10, 2018-12-22, 67
1313, 2018-10-17, 2018-10-27, 67
1314, 2018-06-13, 2018-06-17, 67
1315, 2018-04-22, 2018-05-04, 67
1316, 2018-02-03, 2018-02-07, 67
1317, 2018-11-16, 2018-11-22, 67
1318, 2018-01-04, 2018-01-10, 67
1319, 2018-01-23, 2018-01-26, 67
1320, 2018-12-26, 2018-12-26, 67
1321, 2018-12-27, 2018-12-30, 67
1322, 2018-12-16, 2018-12-23, 68
1323, 2018-11-09, 2018-11-18, 68
1324, 2018-04-20, 2018-04-22, 68
1325, 2018-06-18, 2018-06-30, 68
1326, 2018-08-17, 2018-08-19, 68
1327, 2018-02-08, 2018-02-09, 68
1328, 2018-05-01, 2018-05-13, 68
1329, 2018-09-24, 2018-10-04, 68
1330, 2018-08-29, 2018-09-03, 68
1331, 2018-11-03, 2018-11-07, 68
1332, 2018-06-29, 2018-07-08, 69
1333, 2018-05-22, 2018-06-02, 69
1334, 2018-08-23, 2018-09-01, 69
1335, 2018-11-01, 2018-11-03, 69
1336, 2018-12-07, 2018-12-20, 69
1337, 2018-05-02, 2018-05-13, 69
1338, 2018-11-20, 2018-11-30, 69
1339, 2018-06-14, 2018-06-20, 69
1340, 2018-02-15, 2018-02-15, 69
1341, 2018-09-23, 2018-10-02, 69
1342, 2018-06-23, 2018-06-27, 69
1343, 2018-04-23, 2018-04-30, 69
1344, 2018-01-31, 2018-02-12, 69
1345, 2018-10-17, 2018-10-25, 69
1346, 2018-02-23, 2018-03-03, 69
1347, 2018-07-26, 2018-08-08, 69
1348, 2018-09-03, 2018-09-12, 69
1349, 2018-01-20, 2018-01-26, 69
1350, 2018-12-27, 2018-12-31, 69
1351, 2018-09-17, 2018-09-22, 69
1352, 2018-03-21, 2018-04-03, 70
1353, 2018-12-15, 2018-12-27, 70
1354, 2018-11-19, 2018-12-02, 70
1355, 2018-04-03, 2018-04-14, 70
1356, 2018-06-10, 2018-06-21, 70
1357, 2018-09-01, 2018-09-10, 70
1358, 2018-02-03, 2018-02-10, 70
1359, 2018-04-25, 2018-05-02, 70
1360, 2018-05-02, 2018-05-04, 70
1361, 2018-05-18, 2018-05-31, 70
1362, 2018-06-28, 2018-06-28, 70
1363, 2018-01-26, 2018-02-02, 70
1364, 2018-08-01, 2018-08-03, 70
1365, 2018-12-30, 2019-01-01, 70
1366, 2018-01-02, 2018-01-12, 70
1367, 2018-10-28, 2018-11-06, 70
1368, 2018-08-19, 2018-08-24, 70
1369, 2018-02-24, 2018-03-06, 70
1370, 2018-03-11, 2018-03-15, 70
1371, 2018-06-04, 2018-06-07, 70
1372, 2018-07-06, 2018-07-10, 70
1373, 2018-09-14, 2018-09-24, 70
1374, 2018-06-02, 2018-06-02, 71
1375, 2018-08-08, 2018-08-13, 71
1376, 2018-10-05, 2018-10-16, 71
1377, 2018-03-13, 2018-03-15, 71
1378, 2018-07-03, 2018-07-10, 71
1379, 2018-08-14, 2018-08-19, 71
1380, 2018-09-24, 2018-10-04, 71
1381, 2018-09-02, 2018-09-03, 71
1382, 2018-12-29, 2018-12-31, 71
1383, 2018-04-11, 2018-04-20, 71
1384, 2018-08-19, 2018-08-22, 71
1385, 2018-04-26, 2018-05-04, 71
1386, 2018-12-07, 2018-12-20, 71
1387, 2018-01-20, 2018-01-26, 71
1388, 2018-07-23, 2018-08-01, 71
1389, 2018-11-24, 2018-11-29, 71
1390, 2018-07-16, 2018-07-18, 71
1391, 2018-12-23, 2018-12-26, 71
1392, 2018-11-29, 2018-12-03, 71
1393, 2018-07-14, 2018-07-22, 72
1394, 2018-06-01, 2018-06-02, 72
1395, 2018-02-24, 2018-02-24, 72
1396, 2018-05-03, 2018-05-05, 72
1397, 2018-09-12, 2018-09-21, 72
1398, 2018-06-12, 2018-06-23, 72
1399, 2018-04-02, 2018-04-05, 72
1400, 2018-01-06, 2018-01-09, 72
1401, 2018-02-17, 2018-02-23, 72
1402, 2018-02-26, 2018-03-07, 72
1403, 2018-11-13, 2018-11-21, 72
1404, 2018-08-17, 2018-08-25, 72
1405, 2018-01-26, 2018-02-04, 72
1406, 2018-10-31, 2018-11-13, 72
1407, 2018-03-16, 2018-03-20, 72
1408, 2018-12-19, 2018-12-25, 72
1409, 2018-12-07, 2018-12-07, 72
1410, 2018-05-29, 2018-06-01, 72
1411, 2018-10-19, 2018-10-31, 72
1412, 2018-07-25, 2018-08-05, 72
1413, 2018-10-02, 2018-10-02, 72
1414, 2018-03-20, 2018-03-31, 72
1415, 2018-07-11, 2018-07-14, 72
1416, 2018-03-28, 2018-04-09, 73
1417, 2018-09-02, 2018-09-07, 73
1418, 2018-03-09, 2018-03-09, 73
1419, 2018-08-11, 2018-08-14, 73
1420, 2018-08-30, 2018-08-31, 73
1421, 2018-05-22, 2018-06-04, 73
1422, 2018-02-19, 2018-02-20, 73
1423, 2018-06-23, 2018-06-28, 73
1424, 2018-08-23, 2018-08-26, 73
1425, 2018-05-07, 2018-05-10, 73
1426, 2018-09-23, 2018-10-02, 73
1427, 2018-11-08, 2018-11-18, 73
1428, 2018-07-05, 2018-07-13, 73
1429, 2018-05-17, 2018-05-22, 73
1430, 2018-10-03, 2018-10-06, 73
1431, 2018-09-10, 2018-09-22, 73
1432, 2018-04-20, 2018-05-01, 73
1433, 2018-01-21, 2018-01-22, 73
1434, 2018-07-07, 2018-07-09, 74
1435, 2018-09-27, 2018-09-27, 74
1436, 2018-08-05, 2018-08-05, 74
1437, 2018-07-04, 2018-07-04, 74
1438, 2018-06-18, 2018-06-25, 74
1439, 2018-05-18, 2018-05-24, 74
1440, 2018-11-27, 2018-12-04, 74
1441, 2018-02-10, 2018-02-19, 74
1442, 2018-09-01, 2018-09-14, 74
1443, 2018-06-12, 2018-06-13, 74
1444, 2018-02-07, 2018-02-08, 74
1445, 2018-07-23, 2018-07-30, 74
1446, 2018-03-28, 2018-04-04, 74
1447, 2018-01-12, 2018-01-24, 74
1448, 2018-05-08, 2018-05-13, 74
1449, 2018-11-12, 2018-11-13, 74
1450, 2018-02-02, 2018-02-04, 74
1451, 2018-08-08, 2018-08-12, 74
1452, 2018-06-02, 2018-06-14, 75
1453, 2018-11-09, 2018-11-20, 75
1454, 2018-07-02, 2018-07-12, 75
1455, 2018-09-26, 2018-10-06, 75
1456, 2018-05-12, 2018-05-15, 75
1457, 2018-08-13, 2018-08-20, 75
1458, 2018-07-31, 2018-07-31, 75
1459, 2018-01-11, 2018-01-14, 75
1460, 2018-11-25, 2018-12-05, 75
1461, 2018-10-12, 2018-10-14, 75
1462, 2018-12-13, 2018-12-26, 75
1463, 2018-10-23, 2018-10-28, 75
1464, 2018-01-26, 2018-01-28, 75
1465, 2018-03-15, 2018-03-22, 75
1466, 2018-05-19, 2018-05-19, 75
1467, 2018-03-03, 2018-03-09, 75
1468, 2018-12-06, 2018-12-07, 75
1469, 2018-09-20, 2018-09-20, 75
1470, 2018-06-23, 2018-06-29, 75
1471, 2018-08-01, 2018-08-01, 75
1472, 2018-09-07, 2018-09-07, 75
1473, 2018-08-02, 2018-08-09, 76
1474, 2018-06-03, 2018-06-07, 76
1475, 2018-05-17, 2018-05-27, 76
1476, 2018-09-20, 2018-09-23, 76
1477, 2018-10-07, 2018-10-08, 76
1478, 2018-08-12, 2018-08-15, 76
1479, 2018-06-13, 2018-06-13, 76
1480, 2018-09-06, 2018-09-18, 76
1481, 2018-06-20, 2018-07-02, 76
1482, 2018-04-05, 2018-04-10, 76
1483, 2018-01-13, 2018-01-18, 76
1484, 2018-08-18, 2018-08-22, 76
1485, 2018-07-15, 2018-07-16, 76
1486, 2018-11-12, 2018-11-15, 77
1487, 2018-05-11, 2018-05-24, 77
1488, 2018-01-15, 2018-01-25, 77
1489, 2018-03-28, 2018-03-28, 77
1490, 2018-03-05, 2018-03-09, 77
1491, 2018-12-07, 2018-12-15, 77
1492, 2018-02-20, 2018-02-25, 77
1493, 2018-01-02, 2018-01-05, 77
1494, 2018-02-04, 2018-02-10, 77
1495, 2018-08-26, 2018-08-28, 77
1496, 2018-03-29, 2018-03-30, 77
1497, 2018-04-28, 2018-05-10, 77
1498, 2018-04-02, 2018-04-03, 77
1499, 2018-07-13, 2018-07-15, 77
1500, 2018-07-17, 2018-07-29, 77
1501, 2018-08-29, 2018-09-05, 77
1502, 2018-10-22, 2018-10-25, 77
1503, 2018-10-09, 2018-10-20, 77
1504, 2018-08-12, 2018-08-24, 77
1505, 2018-11-23, 2018-11-29, 77
1506, 2018-12-25, 2018-12-29, 77
1507, 2018-04-11, 2018-04-22, 77
1508, 2018-11-04, 2018-11-10, 77
1509, 2018-02-01, 2018-02-01, 77
1510, 2018-09-21, 2018-09-23, 77
1511, 2018-06-20, 2018-07-03, 77
1512, 2018-07-31, 2018-08-06, 77
1513, 2018-01-10, 2018-01-11, 78
1514, 2018-11-14, 2018-11-25, 78
1515, 2018-01-26, 2018-01-29, 78
1516, 2018-11-01, 2018-11-01, 78
1517, 2018-06-07, 2018-06-16, 78
1518, 2018-04-05, 2018-04-13, 78
1519, 2018-05-10, 2018-05-13, 78
1520, 2018-09-06, 2018-09-13, 78
1521, 2018-07-19, 2018-07-30, 78
1522, 2018-11-25, 2018-11-29, 78
1523, 2018-05-17, 2018-05-22, 78
1524, 2018-12-03, 2018-12-10, 78
1525, 2018-09-28, 2018-10-03, 78
1526, 2018-08-08, 2018-08-12, 78
1527, 2018-02-15, 2018-02-25, 78
1528, 2018-08-13, 2018-08-16, 78
1529, 2018-09-20, 2018-09-22, 78
1530, 2018-09-27, 2018-10-02, 79
1531, 2018-01-25, 2018-02-05, 79
1532, 2018-11-27, 2018-12-08, 79
1533, 2018-10-16, 2018-10-27, 79
1534, 2018-03-01, 2018-03-05, 79
1535, 2018-05-29, 2018-06-02, 79
1536, 2018-01-07, 2018-01-14, 79
1537, 2018-10-03, 2018-10-07, 79
1538, 2018-08-27, 2018-09-09, 79
1539, 2018-03-20, 2018-04-01, 79
1540, 2018-04-21, 2018-04-23, 79
1541, 2018-08-07, 2018-08-07, 79
1542, 2018-05-11, 2018-05-21, 79
1543, 2018-04-12, 2018-04-18, 79
1544, 2018-01-23, 2018-01-24, 79
1545, 2018-06-06, 2018-06-15, 79
1546, 2018-07-30, 2018-08-01, 79
1547, 2018-03-09, 2018-03-11, 79
1548, 2018-08-13, 2018-08-19, 79
1549, 2018-09-15, 2018-09-20, 79
1550, 2018-04-23, 2018-04-28, 79
1551, 2018-07-08, 2018-07-10, 79
1552, 2018-12-23, 2018-12-23, 79
1553, 2018-07-17, 2018-07-25, 79
1554, 2018-02-13, 2018-02-20, 79
1555, 2018-12-13, 2018-12-17, 79
1556, 2018-09-21, 2018-09-28, 80
1557, 2018-09-03, 2018-09-06, 80
1558, 2018-08-17, 2018-08-27, 80
1559, 2018-06-16, 2018-06-24, 80
1560, 2018-03-15, 2018-03-24, 80
1561, 2018-07-27, 2018-07-28, 80
1562, 2018-01-22, 2018-01-22, 80
1563, 2018-07-19, 2018-07-23, 80
1564, 2018-12-05, 2018-12-13, 80
1565, 2018-10-04, 2018-10-08, 80
1566, 2018-02-21, 2018-03-01, 80
1567, 2018-02-06, 2018-02-19, 80
1568, 2018-04-28, 2018-04-30, 80
1569, 2018-04-01, 2018-04-04, 80
1570, 2018-10-19, 2018-10-22, 80
1571, 2018-05-27, 2018-06-01, 80
1572, 2018-10-09, 2018-10-17, 80
1573, 2018-04-11, 2018-04-17, 80
1574, 2018-10-22, 2018-10-30, 80
1575, 2018-08-12, 2018-08-17, 80
1576, 2018-06-28, 2018-07-02, 80
1577, 2018-03-07, 2018-03-07, 80
1578, 2018-01-03, 2018-01-10, 80
1579, 2018-01-24, 2018-01-25, 80
1580, 2018-06-03, 2018-06-11, 80
1581, 2018-12-21, 2018-12-30, 80
1582, 2018-06-21, 2018-06-23, 81
1583, 2018-03-07, 2018-03-12, 81
1584, 2018-08-29, 2018-09-07, 81
1585, 2018-05-22, 2018-05-23, 81
1586, 2018-02-28, 2018-03-05, 81
1587, 2018-04-09, 2018-04-13, 81
1588, 2018-10-19, 2018-10-26, 81
1589, 2018-05-01, 2018-05-07, 81
1590, 2018-03-16, 2018-03-20, 81
1591, 2018-02-24, 2018-02-27, 81
1592, 2018-08-01, 2018-08-10, 81
1593, 2018-05-08, 2018-05-15, 81
1594, 2018-07-10, 2018-07-22, 81
1595, 2018-06-23, 2018-07-02, 81
1596, 2018-11-30, 2018-12-01, 81
1597, 2018-01-17, 2018-01-21, 81
1598, 2018-01-05, 2018-01-11, 81
1599, 2018-12-15, 2018-12-27, 81
1600, 2018-06-03, 2018-06-14, 81
1601, 2018-09-29, 2018-10-11, 81
1602, 2018-02-02, 2018-02-08, 81
1603, 2018-10-30, 2018-11-01, 81
1604, 2018-07-07, 2018-07-10, 81
1605, 2018-03-21, 2018-03-29, 82
1606, 2018-12-10, 2018-12-14, 82
1607, 2018-07-27, 2018-08-01, 82
1608, 2018-01-20, 2018-01-22, 82
1609, 2018-07-13, 2018-07-23, 82
1610, 2018-10-09, 2018-10-20, 82
1611, 2018-11-15, 2018-11-18, 82
1612, 2018-11-03, 2018-11-06, 82
1613, 2018-05-19, 2018-05-30, 82
1614, 2018-08-30, 2018-09-05, 82
1615, 2018-12-17, 2018-12-17, 82
1616, 2018-04-25, 2018-05-02, 82
1617, 2018-04-18, 2018-04-23, 82
1618, 2018-05-09, 2018-05-12, 82
1619, 2018-04-04, 2018-04-08, 82
1620, 2018-04-09, 2018-04-18, 82
1621, 2018-11-19, 2018-11-26, 82
1622, 2018-02-08, 2018-02-15, 82
1623, 2018-06-01, 2018-06-07, 82
1624, 2018-01-01, 2018-01-10, 82
1625, 2018-04-20, 2018-05-03, 83
1626, 2018-05-31, 2018-06-10, 83
1627, 2018-09-21, 2018-09-25, 83
1628, 2018-02-26, 2018-03-06, 83
1629, 2018-12-08, 2018-12-11, 83
1630, 2018-08-06, 2018-08-14, 83
1631, 2018-11-20, 2018-11-24, 83
1632, 2018-03-20, 2018-03-30, 83
1633, 2018-04-06, 2018-04-18, 83
1634, 2018-12-17, 2018-12-24, 83
1635, 2018-04-19, 2018-04-19, 83
1636, 2018-01-01, 2018-01-09, 83
1637, 2018-08-27, 2018-08-30, 83
1638, 2018-12-26, 2018-12-28, 83
1639, 2018-01-31, 2018-01-31, 83
1640, 2018-03-10, 2018-03-19, 83
1641, 2018-07-17, 2018-07-21, 83
1642, 2018-12-14, 2018-12-14, 83
1643, 2018-02-05, 2018-02-18, 83
1644, 2018-08-22, 2018-08-23, 84
1645, 2018-07-24, 2018-08-03, 84
1646, 2018-11-24, 2018-12-04, 84
1647, 2018-10-31, 2018-11-07, 84
1648, 2018-08-23, 2018-09-03, 84
1649, 2018-03-06, 2018-03-13, 84
1650, 2018-02-11, 2018-02-22, 84
1651, 2018-12-20, 2018-12-24, 84
1652, 2018-09-03, 2018-09-10, 84
1653, 2018-10-04, 2018-10-09, 84
1654, 2018-09-25, 2018-09-25, 84
1655, 2018-08-03, 2018-08-16, 84
1656, 2018-07-03, 2018-07-12, 84
1657, 2018-06-01, 2018-06-08, 84
1658, 2018-04-21, 2018-04-27, 84
1659, 2018-12-29, 2018-12-29, 84
1660, 2018-12-08, 2018-12-18, 85
1661, 2018-07-22, 2018-08-02, 85
1662, 2018-07-01, 2018-07-11, 85
1663, 2018-11-04, 2018-11-13, 85
1664, 2018-10-11, 2018-10-12, 85
1665, 2018-09-09, 2018-09-16, 85
1666, 2018-03-12, 2018-03-24, 85
1667, 2018-05-28, 2018-06-02, 85
1668, 2018-10-28, 2018-11-03, 85
1669, 2018-06-15, 2018-06-20, 85
1670, 2018-04-13, 2018-04-15, 85
1671, 2018-11-18, 2018-11-26, 85
1672, 2018-03-01, 2018-03-10, 85
1673, 2018-04-22, 2018-04-22, 85
1674, 2018-07-25, 2018-08-04, 86
1675, 2018-09-05, 2018-09-05, 86
1676, 2018-05-21, 2018-06-01, 86
1677, 2018-12-23, 2018-12-28, 86
1678, 2018-02-25, 2018-02-28, 86
1679, 2018-11-03, 2018-11-06, 86
1680, 2018-08-11, 2018-08-16, 86
1681, 2018-06-14, 2018-06-21, 86
1682, 2018-04-09, 2018-04-11, 86
1683, 2018-11-24, 2018-12-07, 86
1684, 2018-09-23, 2018-09-23, 86
1685, 2018-03-11, 2018-03-21, 86
1686, 2018-01-09, 2018-01-15, 86
1687, 2018-10-19, 2018-10-28, 86
1688, 2018-02-01, 2018-02-07, 86
1689, 2018-09-24, 2018-09-26, 86
1690, 2018-04-25, 2018-04-27, 87
1691, 2018-01-06, 2018-01-12, 87
1692, 2018-03-15, 2018-03-15, 87
1693, 2018-01-15, 2018-01-17, 87
1694, 2018-11-30, 2018-12-08, 87
1695, 2018-10-29, 2018-11-05, 87
1696, 2018-11-14, 2018-11-21, 87
1697, 2018-01-19, 2018-01-19, 87
1698, 2018-08-09, 2018-08-16, 87
1699, 2018-07-22, 2018-07-23, 87
1700, 2018-05-30, 2018-06-06, 87
1701, 2018-06-22, 2018-06-27, 87
1702, 2018-02-01, 2018-02-04, 87
1703, 2018-07-01, 2018-07-03, 87
1704, 2018-10-11, 2018-10-14, 87
1705, 2018-09-22, 2018-09-28, 87
1706, 2018-01-26, 2018-01-29, 87
1707, 2018-08-30, 2018-09-05, 87
1708, 2018-10-31, 2018-11-09, 88
1709, 2018-08-08, 2018-08-09, 88
1710, 2018-03-22, 2018-03-22, 88
1711, 2018-10-09, 2018-10-10, 88
1712, 2018-04-04, 2018-04-06, 88
1713, 2018-08-25, 2018-09-02, 88
1714, 2018-09-10, 2018-09-11, 88
1715, 2018-09-15, 2018-09-20, 88
1716, 2018-04-23, 2018-04-29, 88
1717, 2018-11-17, 2018-11-23, 88
1718, 2018-01-19, 2018-01-31, 88
1719, 2018-07-02, 2018-07-09, 88
1720, 2018-07-18, 2018-07-22, 88
1721, 2018-09-21, 2018-09-30, 89
1722, 2018-09-19, 2018-09-19, 89
1723, 2018-07-06, 2018-07-08, 89
1724, 2018-07-28, 2018-07-29, 89
1725, 2018-03-23, 2018-03-26, 89
1726, 2018-01-06, 2018-01-14, 89
1727, 2018-01-23, 2018-02-04, 89
1728, 2018-12-07, 2018-12-20, 89
1729, 2018-06-26, 2018-07-05, 89
1730, 2018-11-14, 2018-11-21, 89
1731, 2018-11-29, 2018-12-03, 89
1732, 2018-10-14, 2018-10-17, 89
1733, 2018-12-30, 2019-01-01, 89
1734, 2018-04-30, 2018-05-11, 89
1735, 2018-04-19, 2018-04-23, 89
1736, 2018-05-17, 2018-05-18, 89
1737, 2018-02-09, 2018-02-16, 89
1738, 2018-04-28, 2018-04-28, 90
1739, 2018-05-24, 2018-05-31, 90
1740, 2018-03-26, 2018-04-07, 90
1741, 2018-05-14, 2018-05-16, 90
1742, 2018-07-19, 2018-07-19, 90
1743, 2018-06-06, 2018-06-12, 90
1744, 2018-01-13, 2018-01-13, 90
1745, 2018-07-23, 2018-07-31, 90
1746, 2018-01-27, 2018-02-09, 90
1747, 2018-11-09, 2018-11-09, 90
1748, 2018-11-21, 2018-11-24, 90
1749, 2018-08-10, 2018-08-18, 90
1750, 2018-02-10, 2018-02-19, 90
1751, 2018-10-22, 2018-10-27, 90
1752, 2018-10-13, 2018-10-14, 90
1753, 2018-03-11, 2018-03-19, 90
1754, 2018-07-20, 2018-07-23, 91
1755, 2018-02-18, 2018-02-18, 91
1756, 2018-09-20, 2018-09-25, 91
1757, 2018-03-09, 2018-03-17, 91
1758, 2018-01-21, 2018-02-01, 91
1759, 2018-07-06, 2018-07-06, 91
1760, 2018-03-20, 2018-03-31, 91
1761, 2018-10-08, 2018-10-12, 91
1762, 2018-06-21, 2018-06-26, 91
1763, 2018-11-20, 2018-11-29, 91
1764, 2018-08-27, 2018-09-08, 91
1765, 2018-07-27, 2018-08-01, 91
1766, 2018-12-11, 2018-12-18, 91
1767, 2018-02-15, 2018-02-17, 91
1768, 2018-03-21, 2018-03-21, 92
1769, 2018-08-24, 2018-09-06, 92
1770, 2018-10-20, 2018-11-02, 92
1771, 2018-01-14, 2018-01-23, 92
1772, 2018-07-15, 2018-07-24, 92
1773, 2018-05-14, 2018-05-14, 92
1774, 2018-07-09, 2018-07-14, 92
1775, 2018-11-18, 2018-11-21, 92
1776, 2018-06-17, 2018-06-23, 92
1777, 2018-12-03, 2018-12-11, 92
1778, 2018-04-22, 2018-04-30, 92
1779, 2018-08-10, 2018-08-13, 92
1780, 2018-04-06, 2018-04-11, 92
1781, 2018-01-03, 2018-01-12, 92
1782, 2018-03-04, 2018-03-14, 92
1783, 2018-12-26, 2018-12-28, 92
1784, 2018-05-16, 2018-05-22, 92
1785, 2018-01-26, 2018-02-06, 92
1786, 2018-08-16, 2018-08-17, 92
1787, 2018-09-29, 2018-10-03, 92
1788, 2018-06-12, 2018-06-15, 92
1789, 2018-01-24, 2018-01-24, 92
1790, 2018-03-20, 2018-03-28, 93
1791, 2018-05-04, 2018-05-17, 93
1792, 2018-08-12, 2018-08-16, 93
1793, 2018-11-20, 2018-12-01, 93
1794, 2018-12-04, 2018-12-06, 93
1795, 2018-02-17, 2018-02-24, 93
1796, 2018-01-30, 2018-01-31, 93
1797, 2018-08-04, 2018-08-08, 93
1798, 2018-06-02, 2018-06-02, 93
1799, 2018-04-30, 2018-05-04, 93
1800, 2018-07-01, 2018-07-09, 93
1801, 2018-09-04, 2018-09-11, 93
1802, 2018-10-13, 2018-10-14, 93
1803, 2018-12-20, 2018-12-30, 93
1804, 2018-10-24, 2018-11-06, 93
1805, 2018-03-01, 2018-03-07, 93
1806, 2018-03-13, 2018-03-15, 93
1807, 2018-02-07, 2018-02-16, 93
1808, 2018-01-07, 2018-01-14, 93
1809, 2018-05-19, 2018-05-29, 93
1810, 2018-06-12, 2018-06-16, 93
1811, 2018-03-28, 2018-04-08, 93
1812, 2018-08-21, 2018-08-28, 93
1813, 2018-07-28, 2018-08-02, 93
1814, 2018-06-08, 2018-06-14, 94
1815, 2018-03-13, 2018-03-23, 94
1816, 2018-09-13, 2018-09-18, 94
1817, 2018-12-09, 2018-12-18, 94
1818, 2018-08-13, 2018-08-22, 94
1819, 2018-07-23, 2018-08-04, 94
1820, 2018-02-09, 2018-02-12, 94
1821, 2018-06-14, 2018-06-18, 94
1822, 2018-10-16, 2018-10-21, 94
1823, 2018-09-24, 2018-10-02, 94
1824, 2018-05-23, 2018-05-30, 94
1825, 2018-03-29, 2018-04-11, 94
1826, 2018-02-01, 2018-02-03, 94
1827, 2018-01-13, 2018-01-23, 94
1828, 2018-02-12, 2018-02-23, 94
1829, 2018-08-23, 2018-09-03, 94
1830, 2018-05-09, 2018-05-09, 94
1831, 2018-01-30, 2018-01-31, 94
1832, 2018-09-08, 2018-09-10, 94
1833, 2018-07-08, 2018-07-18, 94
1834, 2018-06-21, 2018-06-29, 94
1835, 2018-03-02, 2018-03-05, 94
1836, 2018-02-04, 2018-02-08, 94
1837, 2018-04-15, 2018-04-20, 94
1838, 2018-01-21, 2018-01-28, 95
1839, 2018-10-25, 2018-10-26, 95
1840, 2018-07-09, 2018-07-10, 95
1841, 2018-08-14, 2018-08-17, 95
1842, 2018-12-16, 2018-12-27, 95
1843, 2018-04-02, 2018-04-07, 95
1844, 2018-09-22, 2018-09-26, 95
1845, 2018-06-03, 2018-06-04, 95
1846, 2018-02-06, 2018-02-14, 95
1847, 2018-06-18, 2018-07-01, 95
1848, 2018-01-16, 2018-01-18, 95
1849, 2018-02-23, 2018-03-06, 95
1850, 2018-10-29, 2018-11-09, 95
1851, 2018-11-20, 2018-11-29, 95
1852, 2018-05-19, 2018-05-29, 95
1853, 2018-10-05, 2018-10-08, 95
1854, 2018-12-19, 2018-12-25, 96
1855, 2018-08-14, 2018-08-25, 96
1856, 2018-03-29, 2018-03-31, 96
1857, 2018-06-03, 2018-06-08, 96
1858, 2018-11-06, 2018-11-12, 96
1859, 2018-03-01, 2018-03-12, 96
1860, 2018-04-22, 2018-05-01, 96
1861, 2018-10-26, 2018-10-31, 96
1862, 2018-06-26, 2018-06-26, 96
1863, 2018-05-12, 2018-05-12, 96
1864, 2018-11-18, 2018-11-23, 96
1865, 2018-11-10, 2018-11-14, 97
1866, 2018-10-03, 2018-10-11, 97
1867, 2018-08-23, 2018-08-29, 97
1868, 2018-05-19, 2018-05-27, 97
1869, 2018-12-12, 2018-12-15, 97
1870, 2018-03-17, 2018-03-27, 97
1871, 2018-01-02, 2018-01-09, 97
1872, 2018-06-21, 2018-06-23, 97
1873, 2018-07-17, 2018-07-18, 97
1874, 2018-08-01, 2018-08-06, 97
1875, 2018-06-08, 2018-06-08, 97
1876, 2018-03-05, 2018-03-10, 97
1877, 2018-06-26, 2018-07-03, 97
1878, 2018-11-24, 2018-12-06, 97
1879, 2018-04-12, 2018-04-17, 97
1880, 2018-03-04, 2018-03-05, 97
1881, 2018-04-28, 2018-05-08, 97
1882, 2018-12-07, 2018-12-08, 97
1883, 2018-07-11, 2018-07-14, 97
1884, 2018-09-10, 2018-09-14, 98
1885, 2018-12-12, 2018-12-15, 98
1886, 2018-10-17, 2018-10-27, 98
1887, 2018-07-02, 2018-07-04, 98
1888, 2018-02-11, 2018-02-18, 98
1889, 2018-07-15, 2018-07-27, 98
1890, 2018-11-12, 2018-11-20, 98
1891, 2018-03-08, 2018-03-15, 98
1892, 2018-08-24, 2018-09-04, 98
1893, 2018-06-23, 2018-07-01, 98
1894, 2018-04-30, 2018-05-02, 98
1895, 2018-10-30, 2018-11-02, 98
1896, 2018-05-26, 2018-06-08, 98
1897, 2018-01-01, 2018-01-01, 98
1898, 2018-01-21, 2018-01-28, 98
1899, 2018-01-02, 2018-01-15, 98
1900, 2018-09-30, 2018-10-13, 98
1901, 2018-03-15, 2018-03-23, 98
1902, 2018-11-21, 2018-11-22, 98
1903, 2018-04-04, 2018-04-15, 99
1904, 2018-02-09, 2018-02-22, 99
1905, 2018-01-10, 2018-01-14, 99
1906, 2018-07-28, 2018-08-01, 99
1907, 2018-06-27, 2018-07-06, 99
1908, 2018-04-26, 2018-04-27, 99
1909, 2018-03-01, 2018-03-02, 99
1910, 2018-05-26, 2018-06-02, 99
1911, 2018-03-06, 2018-03-14, 99
1912, 2018-02-02, 2018-02-09, 99
1913, 2018-08-06, 2018-08-07, 99
1914, 2018-10-13, 2018-10-21, 99
1915, 2018-12-25, 2018-12-25, 99
1916, 2018-11-03, 2018-11-16, 99
1917, 2018-02-24, 2018-02-24, 99
1918, 2018-03-21, 2018-03-24, 99
1919, 2018-05-14, 2018-05-20, 99
1920, 2018-08-25, 2018-09-05, 99
1921, 2018-06-08, 2018-06-19, 99
1922, 2018-07-10, 2018-07-17, 99
1923, 2018-08-17, 2018-08-25, 99
1924, 2018-12-22, 2018-12-24, 99
1925, 2018-08-07, 2018-08-15, 99
1926, 2018-02-28, 2018-03-02, 100
1927, 2018-07-11, 2018-07-18, 100
1928, 2018-06-24, 2018-07-04, 100
1929, 2018-11-07, 2018-11-10, 100
1930, 2018-06-14, 2018-06-15, 100
1931, 2018-03-20, 2018-03-22, 100
1932, 2018-08-04, 2018-08-17, 100
1933, 2018-11-25, 2018-11-28, 100
1934, 2018-03-10, 2018-03-20, 100
1935, 2018-03-28, 2018-04-05, 100
1936, 2018-10-15, 2018-10-21, 100
1937, 2018-07-26, 2018-08-02, 100
1938, 2018-02-04, 2018-02-07, 100
1939, 2018-12-12, 2018-12-17, 100
1940, 2018-04-13, 2018-04-20, 100
1941, 2018-07-19, 2018-07-20, 100
1942, 2018-01-22, 2018-02-04, 100
1943, 2018-09-04, 2018-09-05, 100
1944, 2018-10-23, 2018-11-03, 100
1945, 2018-09-13, 2018-09-21, 100
1946, 2018-05-10, 2018-05-17, 100